market,market_code,topic,topic_label,lift,residual,verdict,rule_basis
영어권,EN,6,TV-앱 연동·펌웨어,1.3474,13.0561,현지화 갭,대형가전형 이웃 0/8
러시아,RU,3,연결 끊김·재연동,1.3933,5.3727,광역 공통,연결요청형 67% · TV중심형 67%
러시아,RU,7,세탁기·건조기,1.6194,6.476,그룹 공통,대형가전형 이웃 6/8
독일,DE,7,세탁기·건조기,1.4333,3.6371,그룹 공통,대형가전형 이웃 6/8
독일,DE,9,에어컨·냉장고 제어,1.4215,4.0462,부분 공통,대형가전형 이웃 3/8
한국,KR,3,연결 끊김·재연동,3.6701,27.9794,광역 공통,연결요청형 67% · TV중심형 67%
한국,KR,9,에어컨·냉장고 제어,1.9261,8.4931,단독 시장,비교할 이웃 없음
프랑스,FR,0,연결·기기 인식 실패,1.3502,3.5536,현지화 갭,대형가전형 이웃 0/8
프랑스,FR,7,세탁기·건조기,1.5546,4.1011,그룹 공통,대형가전형 이웃 6/8
이탈리아,IT,2,TV 제어·미러링,1.392,3.7296,현지화 갭,대형가전형 이웃 0/8
이탈리아,IT,7,세탁기·건조기,1.5676,3.7927,그룹 공통,대형가전형 이웃 6/8
튀르키예,TR,3,연결 끊김·재연동,1.7741,6.575,광역 공통,연결요청형 67% · TV중심형 67%
튀르키예,TR,5,업데이트 후 고장,1.5177,4.6037,현지화 갭,연결요청형 이웃 0/2
폴란드,PL,7,세탁기·건조기,1.8744,5.1092,그룹 공통,대형가전형 이웃 6/8
폴란드,PL,9,에어컨·냉장고 제어,1.9707,6.4866,부분 공통,대형가전형 이웃 3/8
네덜란드,NL,9,에어컨·냉장고 제어,2.4658,7.9206,부분 공통,대형가전형 이웃 3/8
중동(아랍어권),AR,3,연결 끊김·재연동,2.5172,8.9706,광역 공통,연결요청형 67% · TV중심형 67%
체코,CZ,7,세탁기·건조기,1.604,2.5682,그룹 공통,대형가전형 이웃 6/8
체코,CZ,9,에어컨·냉장고 제어,1.9878,4.8031,부분 공통,대형가전형 이웃 3/8
베트남,VN,7,세탁기·건조기,1.5534,2.3493,그룹 공통,대형가전형 이웃 6/8
인도네시아,ID,2,TV 제어·미러링,1.4023,2.4025,그룹 공통,TV중심형 이웃 1/2
인도네시아,ID,3,연결 끊김·재연동,1.4318,2.3664,광역 공통,연결요청형 67% · TV중심형 67%
헝가리,HU,2,TV 제어·미러링,2.346,7.0849,그룹 공통,TV중심형 이웃 1/2
헝가리,HU,3,연결 끊김·재연동,1.5854,2.8282,광역 공통,연결요청형 67% · TV중심형 67%
대만,TW,0,연결·기기 인식 실패,1.4466,2.0674,단독 시장,비교할 이웃 없음
대만,TW,7,세탁기·건조기,3.163,7.2972,단독 시장,비교할 이웃 없음
대만,TW,9,에어컨·냉장고 제어,1.8139,3.1403,단독 시장,비교할 이웃 없음
