market,0,1,2,3,4,5,6,7,8,9
영어권,6.0945,8.9532,-4.756,-21.4316,-2.713,6.0913,13.0561,4.5849,-13.0666,-0.1612
브라질,-6.6453,2.6698,-0.1849,1.7372,7.6751,-6.7176,-0.2097,-14.0661,11.5161,0.6221
스페인어권,-3.3467,-7.3607,6.0669,6.5878,10.7326,-5.3407,-3.5845,-3.5482,10.1123,-10.5567
러시아,-0.3337,1.9713,1.643,5.3727,-4.3528,2.5532,-5.3368,6.476,-4.8679,-2.002
독일,-2.4899,0.8687,-1.2416,1.7036,-4.969,0.275,2.72,3.6371,-3.1775,4.0462
한국,1.082,-4.7892,-6.1628,27.9794,-7.5336,-1.0328,-9.8214,0.8336,-4.3427,8.4931
프랑스,3.5536,-6.4521,0.0164,0.8953,-1.845,0.8606,-3.967,4.1011,5.8514,0.5318
이탈리아,-0.5538,-3.4394,3.7296,1.9192,-2.7546,-1.0446,-1.7208,3.7927,0.9876,1.3872
튀르키예,1.3938,-1.645,2.0897,6.575,-4.3649,4.6037,-5.541,-4.1933,1.3567,-0.3048
폴란드,-1.1585,-2.8654,0.3351,0.223,-2.1602,1.1406,-2.3834,5.1092,-1.5039,6.4866
네덜란드,0.6109,1.3474,-1.5248,-2.4491,-2.2457,-0.2745,-1.4386,-1.7624,0.446,7.9206
중동(아랍어권),-1.3775,-2.1642,-0.2336,8.9706,0.5694,-1.9888,-4.3139,-3.6411,6.7766,-2.2761
체코,-0.1785,-2.167,-0.1071,1.1035,-2.0692,0.8895,-1.3194,2.5682,-1.4249,4.8031
베트남,0.8687,-0.3555,0.4074,1.4825,-0.2307,0.0474,-3.278,2.3493,-0.6621,0.2938
인도네시아,-1.0632,-3.5331,2.4025,2.3664,3.2702,-0.5072,-3.1697,0.3362,2.6819,-1.8772
헝가리,1.4318,-4.4138,7.0849,2.8282,-3.7303,-0.1135,-2.456,1.7124,0.2924,-1.1532
대만,2.0674,-0.0345,-1.4721,-0.5518,-4.1677,1.4531,-1.7212,7.2972,-3.5381,3.1403
