lang,market,unit,score,at,app_version,thumbs,content,clean,nchar,topic,is_event
nl,네덜란드,국가,1,2026-08-26 14:04:34,5.1.32310,0,Does not connect well to Google home,Does not connect well to Google home,30,0,False
nl,네덜란드,국가,4,2026-08-18 20:33:27,5.1.32310,0,"Prima app, helaas doordrenkt met dingen zoals een winkel... en ik mis de mogelijkheid om met de app het display uit te zetten. nu brandt er heel fel 21Gr op het display wat je alleen met de afstandsbediening uit kan zetten...","Prima app, helaas doordrenkt met dingen zoals een winkel... en ik mis de mogelijkheid om met de app het display uit te zetten. nu brandt er heel fel 21Gr op het display wat je alleen met de afstandsbediening uit kan zetten...",177,1,False
nl,네덜란드,국가,1,2026-09-11 20:25:28,5.2.12420,0,trekt op niets echte rommel en tv ook .,trekt op niets echte rommel en tv ook .,30,2,False
nl,네덜란드,국가,3,2026-08-18 19:58:38,5.1.32310,0,"matig, loopt vaak vast, verkeerde status van power niet betrouwbaar","matig, loopt vaak vast, verkeerde status van power niet betrouwbaar",56,3,False
nl,네덜란드,국가,5,2026-08-09 22:23:16,5.1.32310,0,Werkt helemaal top! Super fijn om alles via de app te beheren en zelf fouten uit te lezen + (eventueel) simpel te kunnen repareren 👍🏼 Ook is het fijn om te zien wanneer de filters aan vervanging toe zijn of wanneer er iets niet goed werkt. Dit scheelt echt een hoop gedoe en geld 💸,Werkt helemaal top! Super fijn om alles via de app te beheren en zelf fouten uit te lezen + (eventueel) simpel te kunnen repareren Ook is het fijn om te zien wanneer de filters aan vervanging toe zijn of wanneer er iets niet goed werkt. Dit scheelt echt een hoop gedoe en geld,219,4,False
nl,네덜란드,국가,1,2026-08-22 07:51:31,5.1.32310,0,wil niet met google home integreren,wil niet met google home integreren,30,5,False
nl,네덜란드,국가,4,2026-06-25 03:28:02,5.1.32310,15,"works okay after last update but there's one bug ; when the TV turns off automatically after a few hours, I can't turn it on with the app again (the red button does not light up) I have to turn the WiFi on my phone off and on, and then the red button to turn on the TV lights up immediately and I can turn the TV on..... the app isn't killed by the android system and battery saving is off, Galaxy S24 Ultra Android 16","works okay after last update but there's one bug ; when the TV turns off automatically after a few hours, I can't turn it on with the app again (the red button does not light up) I have to turn the WiFi on my phone off and on, and then the red button to turn on the TV lights up immediately and I can turn the TV on. the app isn't killed by the android system and battery saving is off, Galaxy S24 Ultra Android 16",319,6,False
nl,네덜란드,국가,4,2026-07-22 05:34:59,5.1.32310,0,"My 6-year-old son just asked me, when I turned on my washing machine, if I could turn on the light in the drum because he wanted to take a look. Actually, not a silly question at all - it can even be quite handy - and the light is there. But the option to turn it on in the app isn't. A suggestion for improvement!","My 6-year-old son just asked me, when I turned on my washing machine, if I could turn on the light in the drum because he wanted to take a look. Actually, not a silly question at all - it can even be quite handy - and the light is there. But the option to turn it on in the app isn't. A suggestion for improvement!",238,7,True
nl,네덜란드,국가,5,2026-08-04 12:04:47,5.1.32310,0,Super voor koelen in de zomer en voordelig verwarmen in de winter.,Super voor koelen in de zomer en voordelig verwarmen in de winter.,54,8,False
nl,네덜란드,국가,2,2026-07-25 05:16:20,5.1.32310,3,sinds de laatste update werkt de app heel slecht. het hoofdscherm veranderd alleen als je de app volledig afsluit en terug opend. je moet dus op elke airco apart drukken om te kijken hoe warm de kamer is en of de airco nu op staat of niet. voor de update werkte alles redelijk goed.,sinds de laatste update werkt de app heel slecht. het hoofdscherm veranderd alleen als je de app volledig afsluit en terug opend. je moet dus op elke airco apart drukken om te kijken hoe warm de kamer is en of de airco nu op staat of niet. voor de update werkte alles redelijk goed.,225,9,True
zh-TW,대만,국가,2,2026-09-09 15:55:39,5.2.10582,0,無法選台，使用數字鍵或Channel bar都無法用，其他按鈕大致上都可用,無法選台，使用數字鍵或Channel bar都無法用，其他按鈕大致上都可用,34,0,False
zh-TW,대만,국가,1,2026-09-09 09:44:51,5.2.12420,1,一天到晚更新不知在幹嘛，很簡單的app搞到很難用。原來的配對經常失效，跟遙控器不同步。,一天到晚更新不知在幹嘛，很簡單的app搞到很難用。原來的配對經常失效，跟遙控器不同步。,39,1,False
zh-TW,대만,국가,1,2026-09-06 23:34:37,5.2.10582,0,No/cannot use local bluetooth to remote the tv,No/cannot use local bluetooth to remote the tv,38,2,False
zh-TW,대만,국가,4,2026-08-05 10:03:40,5.1.32310,0,可不可以就做成搖控器的介面，或是上鍵盤下滑鼠，省去煩人的切換,可不可以就做成搖控器的介面，或是上鍵盤下滑鼠，省去煩人的切換,28,3,False
zh-TW,대만,국가,5,2026-07-05 09:10:42,5.1.32310,0,個software寫得幾好，功能正，夠powerful，Apps又做得幾好👍,個software寫得幾好，功能正，夠powerful，Apps又做得幾好,34,4,True
zh-TW,대만,국가,3,2026-07-13 14:28:23,5.1.32310,0,至從更新app之後 一直出問題 莫名其妙的出現異常數值 然後今天開始一直無法連線 連app打開都顯示無法連結伺服器 到底發生什麼問題,至從更新app之後 一直出問題 莫名其妙的出現異常數值 然後今天開始一直無法連線 連app打開都顯示無法連結伺服器 到底發生什麼問題,61,5,True
zh-TW,대만,국가,1,2026-09-13 00:35:28,5.2.12420,0,LG 電視的 web os 也太爛了吧，強制更新後， YouTube app 不能更新觀看，我還寧願他不要更新,LG 電視的 web os 也太爛了吧，強制更新後， YouTube app 不能更新觀看，我還寧願他不要更新,45,6,False
zh-TW,대만,국가,2,2026-09-14 07:10:38,5.2.12420,0,所以到底這app能做什麼用 為什麼沒辦法直接用手機設定或啟動 不然都只有剩下看還有多少分鐘洗好衣服而已,所以到底這app能做什麼用 為什麼沒辦法直接用手機設定或啟動 不然都只有剩下看還有多少分鐘洗好衣服而已,49,7,False
zh-TW,대만,국가,5,2026-08-27 07:11:02,,0,剛開始使用，還在學習摸索中，希望能儘快熟悉，增添更多生活的便利，「LIFE IS GOOD」。,剛開始使用，還在學習摸索中，希望能儘快熟悉，增添更多生活的便利，「LIFE IS GOOD」。,38,8,False
zh-TW,대만,국가,1,2026-08-28 01:15:00,5.2.10581,0,三月份購買回來使用都很正常，最近更新後在開始要清潔時就都在充電座繞圈，然後就停止不動了啦！手機APP就會顯示請檢查裝置！然後就必需將機器用手動將它移出充電座然後關掉所有的電源重新開機才能執行掃地動作！在清潔完成後，機器卻又找不到回到充電座的點就在整個掃地區域尋找充電座！產品只用半年，也算不便宜的產品卻是那麼爛！到底LG的產品讓人越用越不爽！快沒信心會想再買LG的任何產品！！！！！！！,三月份購買回來使用都很正常，最近更新後在開始要清潔時就都在充電座繞圈，然後就停止不動了啦！手機APP就會顯示請檢查裝置！然後就必需將機器用手動將它移出充電座然後關掉所有的電源重新開機才能執行掃地動作！在清潔完成後，機器卻又找不到回到充電座的點就在整個掃地區域尋找充電座！產品只用半年，也算不便宜的產品卻是那麼爛！到底LG的產品讓人越用越不爽！快沒信心會想再買LG的任何產品！,176,9,False
de,독일,국가,3,2026-09-13 15:16:39,5.2.10580,0,"kann man nicht viel damit machen, es werden wenig Sensoren der Geräte angezeigt.","kann man nicht viel damit machen, es werden wenig Sensoren der Geräte angezeigt.",66,0,False
de,독일,국가,5,2026-09-09 17:47:20,5.2.12420,1,ich habe die App schon eine Weile laufen und konnte bisher keine Probleme feststellen.,ich habe die App schon eine Weile laufen und konnte bisher keine Probleme feststellen.,72,1,False
de,독일,국가,5,2026-09-10 06:15:16,5.2.12420,0,"Erstaunlich, wieviel Funktionen über das Smartphone zum TV gesendet werden können.","Erstaunlich, wieviel Funktionen über das Smartphone zum TV gesendet werden können.",70,2,False
de,독일,국가,1,2026-09-12 11:58:29,5.2.12420,0,Auf jeden Fall nicht ansatzweise akzeptabel. Frechheit,Auf jeden Fall nicht ansatzweise akzeptabel. Frechheit,47,3,False
de,독일,국가,1,2026-09-11 18:23:51,5.2.12420,1,"diese app ist leider die Fortsetzung der LG spyware. meine Empfehlung, den LG nicht ans Netz hängen und mit einer streaming box bedienen. das Display ist toll, der Datenschutz unter aller Sau.","diese app ist leider die Fortsetzung der LG spyware. meine Empfehlung, den LG nicht ans Netz hängen und mit einer streaming box bedienen. das Display ist toll, der Datenschutz unter aller Sau.",156,4,False
de,독일,국가,1,2026-09-07 11:14:51,5.2.10582,0,"Nichts als Spyware, null punkte","Nichts als Spyware, null punkte",26,5,False
de,독일,국가,1,2026-09-10 17:23:32,5.0.36320,1,look up youtube LG Spy TVs from gamers nexus. need to get rid of it.,look up youtube LG Spy TVs from gamers nexus. need to get rid of it.,52,6,False
de,독일,국가,1,2026-09-13 19:23:39,5.2.12420,0,"sehr enttäuscht von meinem neuen Waschtrockner und dieser App dafür. Es ist nicht möglich die Zeit zu sehen wie lange ein Programm braucht vor dem start, selbst beim erstellen eines Programms keine vorschau (ja Beladungserkennung spielt da mit rein, aber zeigt doch einfach die Zeit für volle Beladung an und ich bin glücklich wenn es weniger ist, oder zeig mir die aktuelle Beladung vorm start der Maschine statt nie...) Eigenen Programmen kann man kein eigenen Namen geben. Basics fehlen!","sehr enttäuscht von meinem neuen Waschtrockner und dieser App dafür. Es ist nicht möglich die Zeit zu sehen wie lange ein Programm braucht vor dem start, selbst beim erstellen eines Programms keine vorschau (ja Beladungserkennung spielt da mit rein, aber zeigt doch einfach die Zeit für volle Beladung an und ich bin glücklich wenn es weniger ist, oder zeig mir die aktuelle Beladung vorm start der Maschine statt nie...) Eigenen Programmen kann man kein eigenen Namen geben. Basics fehlen!",401,7,False
de,독일,국가,5,2026-09-19 18:37:23,5.2.12420,0,Der totale Fortschritt gegenüber dem Neff! Die ganze Familie ist happy.,Der totale Fortschritt gegenüber dem Neff! Die ganze Familie ist happy.,59,8,False
de,독일,국가,2,2026-09-17 04:24:24,5.2.12420,0,es sind zu wenig Details bei den Geräten gerade bei der Wärmepumpe usw.,es sind zu wenig Details bei den Geräten gerade bei der Wärmepumpe usw.,58,9,False
ru,러시아,국가,1,2026-09-01 21:38:08,5.2.10581,0,"Внезапно отвалились все устройства, вкладка 'обслуживание' не грузит данные😢 не понимаю, на чьей стороне проблема","Внезапно отвалились все устройства, вкладка 'обслуживание' не грузит данные не понимаю, на чьей стороне проблема",94,0,False
ru,러시아,국가,1,2026-09-21 17:48:00,,0,"приложение тупо тянет все подряд данные. вот зачем ему гнолокоция и дата моего рождения и ещё куча данеыз оьо мне? однозначно пользовать нельзя. ппц, ято бы потыкать теоевизор нужно силеиь полчаса отвечать на вопросы","приложение тупо тянет все подряд данные. вот зачем ему гнолокоция и дата моего рождения и ещё куча данеыз оьо мне? однозначно пользовать нельзя. ппц, ято бы потыкать теоевизор нужно силеиь полчаса отвечать на вопросы",179,1,False
ru,러시아,국가,5,2026-09-19 16:12:27,,0,"Сделайте, пожалуйста, официальное приложение TikTok TV для операционной системы LG webOS! Для многих людей телевизор — это единственный экран дома. Было бы очень удобно смотреть бесконечную ленту видео и прямые эфиры прямо с большого экрана, используя только обычный пульт от ТВ. Пользователи LG очень ждут TikTok в магазине LG Content Store!","Сделайте, пожалуйста, официальное приложение TikTok TV для операционной системы LG webOS! Для многих людей телевизор — это единственный экран дома. Было бы очень удобно смотреть бесконечную ленту видео и прямые эфиры прямо с большого экрана, используя только обычный пульт от ТВ. Пользователи LG очень ждут TikTok в магазине LG Content Store!",284,2,False
ru,러시아,국가,5,2026-09-20 12:14:44,5.2.12420,0,После обнавление питания не вклчаетса.,После обнавление питания не вклчаетса.,33,3,False
ru,러시아,국가,5,2026-09-09 08:23:42,5.2.12420,0,"приложение отличное. Хотелось бы чтобы ещё добавили программы для стирки, для стиралки LG","приложение отличное. Хотелось бы чтобы ещё добавили программы для стирки, для стиралки LG",75,4,False
ru,러시아,국가,5,2026-09-09 06:08:10,5.2.12420,0,"Пожалуйста добавьте поддержку старых саунбаров, ибо гугл хоум больше не работает! не могу подключить SN8Y","Пожалуйста добавьте поддержку старых саунбаров, ибо гугл хоум больше не работает! не могу подключить SN8Y",89,5,False
ru,러시아,국가,3,2026-09-20 12:42:07,5.2.12420,0,После последнего обновления при вводе текста в строку браузера и т. п. выскакивает только клавиатура на телевизоре вместо ввода через само приложение. Верните как было,После последнего обновления при вводе текста в строку браузера и т. п. выскакивает только клавиатура на телевизоре вместо ввода через само приложение. Верните как было,140,6,False
ru,러시아,국가,3,2026-09-11 09:20:39,5.2.12420,0,При загрузке режима стирки на стиральную машину без вай-фая выдаётся ошибка стиральная машина поддерживает функцию Tag on,При загрузке режима стирки на стиральную машину без вай-фая выдаётся ошибка стиральная машина поддерживает функцию Tag on,104,7,False
ru,러시아,국가,5,2026-09-15 17:59:46,5.2.12420,0,"Люблю LG! Такие молодцы все продумали очень понравилось приложение. Благодарю вы ,все кто это создали подарок Бога на земле.","Люблю LG! Такие молодцы все продумали очень понравилось приложение. Благодарю вы ,все кто это создали подарок Бога на земле.",102,8,False
ru,러시아,국가,5,2026-09-20 05:12:20,5.2.12420,0,Очень удобное приложение. Давно пользуюсь. Особенно для кондиционера. В пульте отпала необходимость.,Очень удобное приложение. Давно пользуюсь. Особенно для кондиционера. В пульте отпала необходимость.,85,9,False
vi,베트남,국가,1,2026-07-12 14:38:48,5.1.32310,2,Mất kết nối giữa app và thiết bị ko rõ lý do. Thiết bị vẫn kết nối wifi,Mất kết nối giữa app và thiết bị ko rõ lý do. Thiết bị vẫn kết nối wifi,53,0,True
vi,베트남,국가,1,2026-09-02 16:32:22,5.2.10581,1,app loại gì mà phải đăng nhập qua trình duyệt vậy. Quá tệ,app loại gì mà phải đăng nhập qua trình duyệt vậy. Quá tệ,44,1,False
vi,베트남,국가,5,2026-09-18 10:07:49,5.2.12420,1,khá là mượt nhưng mà lúc bật thì TV bật rồi nhưng bảng điều khiển chưa hiện lên,khá là mượt nhưng mà lúc bật thì TV bật rồi nhưng bảng điều khiển chưa hiện lên,62,2,False
vi,베트남,국가,1,2026-09-18 08:50:10,,0,hàng lg xài dởm lõ không bền. vote hàng nhật,hàng lg xài dởm lõ không bền. vote hàng nhật,34,3,False
vi,베트남,국가,5,2026-09-08 05:33:59,5.2.10582,0,Ai chơi nhiều hàng LG thì nên xài app này,Ai chơi nhiều hàng LG thì nên xài app này,32,4,False
vi,베트남,국가,1,2026-09-12 05:08:51,5.0.14130,1,cập nhật phần mềm này không dùng được bị lỗi,cập nhật phần mềm này không dùng được bị lỗi,35,5,False
vi,베트남,국가,1,2026-09-09 22:20:13,5.2.12420,1,tivi đang bật vào áp thì báo ngoại tuyến không điều khiển được gì. vào app 10 lần điều khiển được 1 lần,tivi đang bật vào áp thì báo ngoại tuyến không điều khiển được gì. vào app 10 lần điều khiển được 1 lần,80,6,False
vi,베트남,국가,3,2026-04-12 02:26:33,5.1.28210,1,"cho 3 sao, vì đối với máy giặt cửa trên, thì phần điều khiển chế độ vẫn phải tự ra bấm 😌👍, mong nhà phát hành sửa lại lỗi này để có thể tiện ích hơn","cho 3 sao, vì đối với máy giặt cửa trên, thì phần điều khiển chế độ vẫn phải tự ra bấm , mong nhà phát hành sửa lại lỗi này để có thể tiện ích hơn",108,7,False
vi,베트남,국가,5,2026-09-21 14:06:28,5.2.12420,0,dùng để spam el dorado rất tuyệt:)),dùng để spam el dorado rất tuyệt:)),26,8,False
vi,베트남,국가,3,2026-08-28 12:21:42,5.0.24121,0,"xin hãy giảm dung lượng ứng dụng, tôi không muốn mấy trăm mb của mình phí vào một cái điều khiển","xin hãy giảm dung lượng ứng dụng, tôi không muốn mấy trăm mb của mình phí vào một cái điều khiển",75,9,False
pt,브라질,국가,1,2026-09-21 00:29:32,5.0.24123,0,"em certos momentos o botão de ligar não funciona, mesmo tudo configurado e conectado","em certos momentos o botão de ligar não funciona, mesmo tudo configurado e conectado",70,0,False
pt,브라질,국가,1,2026-09-20 20:23:54,,0,"A APP não abre, não funciona. Já desinstalei e instalei novamente e nada, dá sempre erro.","A APP não abre, não funciona. Já desinstalei e instalei novamente e nada, dá sempre erro.",70,1,False
pt,브라질,국가,1,2026-09-20 17:20:56,5.2.12420,0,"Tive a esperança de poder controlar a TV que não começa com a função básica: TV aberta. Mas nem a TV presta, o controle dela, pior ainda e o app NÃO controla NADA","Tive a esperança de poder controlar a TV que não começa com a função básica: TV aberta. Mas nem a TV presta, o controle dela, pior ainda e o app NÃO controla NADA",126,2,False
pt,브라질,국가,4,2026-09-19 12:12:19,,0,eweeee e swww desse mim é bom w s de ele ye RS esse rrw e não dr RS e não tava na rua não viu a eweeee será sesesseemensagem de eu,ewe e swww desse mim é bom w s de ele ye RS esse rrw e não dr RS e não tava na rua não viu a ewe será sesesseemensagem de eu,93,3,False
pt,브라질,국가,5,2026-09-22 01:58:46,,0,o melhor app do mundo é sério esse app e muito bom ideia(teclado para escrever.),o melhor app do mundo é sério esse app e muito bom ideia(teclado para escrever.),63,4,False
pt,브라질,국가,3,2026-09-19 15:19:01,5.2.12420,0,Deixou de funcionar com login pelo Facebook... O que fazer agora com os dados de uso inacessíveis?,Deixou de funcionar com login pelo Facebook... O que fazer agora com os dados de uso inacessíveis?,78,5,False
pt,브라질,국가,2,2026-09-20 17:42:24,5.2.12420,0,"app já foi bom, mais depois de algumas atualizações eu já nem consigo usar minha TV conectada via cabo porque eu não consegui encontrar, e diz que só encontra dispositivos na mesma rede, fora o tempo te conexão que eu ligo a tv e ele demora uns 5 minutos para identificara tv ligada!!","app já foi bom, mais depois de algumas atualizações eu já nem consigo usar minha TV conectada via cabo porque eu não consegui encontrar, e diz que só encontra dispositivos na mesma rede, fora o tempo te conexão que eu ligo a tv e ele demora uns 5 minutos para identificara tv ligada!!",227,6,False
pt,브라질,국가,1,2026-09-06 20:53:34,4.0.12230,0,"sumiu o ciclo toalhas e vi que no modelo novos vocês colocaram, por gentileza devolvam nosso ciclo de toalhas nos modelos vc2 até as vc4","sumiu o ciclo toalhas e vi que no modelo novos vocês colocaram, por gentileza devolvam nosso ciclo de toalhas nos modelos vc2 até as vc4",111,7,False
pt,브라질,국가,5,2026-09-21 04:26:39,5.2.12420,0,Produto muito bom. atendeu minhas expectativas. não é muito silencioso. mas eu gosto de dormir com o barulho....,Produto muito bom. atendeu minhas expectativas. não é muito silencioso. mas eu gosto de dormir com o barulho.,88,8,False
pt,브라질,국가,3,2026-09-21 17:45:45,5.2.12420,0,"não mantém a última configuração do ar-condicionado, toda vez tenho que ajustar tudo! quando ligo, se colocar em 40% de energia, ela ignora e vai para 100% até atingir a temperatura!","não mantém a última configuração do ar-condicionado, toda vez tenho que ajustar tudo! quando ligo, se colocar em 40% de energia, ela ignora e vai para 100% até atingir a temperatura!",144,9,False
es,스페인어권,권역,1,2026-09-21 14:08:03,5.2.12420,0,"Llevaba años con ella en el otro teléfono y funcionaba perfectamente, desde que he cambiado de teléfono no he sido capaz de entrar.","Llevaba años con ella en el otro teléfono y funcionaba perfectamente, desde que he cambiado de teléfono no he sido capaz de entrar.",107,0,False
es,스페인어권,권역,1,2026-09-19 05:49:19,5.2.12420,0,"Se desconecta a cada rato, y se traba demasiado pésima app.","Se desconecta a cada rato, y se traba demasiado pésima app.",47,1,False
es,스페인어권,권역,3,2026-09-21 05:10:11,,0,Anda realmente mal. Me cerró la sesión en mi tv y no me deja volver a entrar. Probé de todas las formas posibles y nada. Ahora intento manual y me salta error.,Anda realmente mal. Me cerró la sesión en mi tv y no me deja volver a entrar. Probé de todas las formas posibles y nada. Ahora intento manual y me salta error.,124,2,False
es,스페인어권,권역,2,2026-09-22 03:36:14,5.2.12420,0,muy lenta me da más trabajo que hacerlo manualmente,muy lenta me da más trabajo que hacerlo manualmente,43,3,False
es,스페인어권,권역,5,2026-09-20 19:23:48,5.2.12420,0,Buena seguridad al entrar a la aplicación,Buena seguridad al entrar a la aplicación,35,4,False
es,스페인어권,권역,1,2026-09-21 07:58:51,5.2.12420,0,yo no tengo p DF no guardo ningún documento no la necesito para nada,yo no tengo p DF no guardo ningún documento no la necesito para nada,55,5,False
es,스페인어권,권역,1,2026-09-19 02:38:33,5.2.12420,0,"LA APP ANDA MUY MAL, SE REPITE EL LOOP DE REGISTRO DE DATOS AUN TENIENDO UNA CUENTA. ME PIDE QUE INICIE SESIÓN MULTIPLES VECES SIN AVANZAR. NO PUEDO ENTRAR A HBO POR ESTO. ARREGLEN ESO.","LA APP ANDA MUY MAL, SE REPITE EL LOOP DE REGISTRO DE DATOS AUN TENIENDO UNA CUENTA. ME PIDE QUE INICIE SESIÓN MULTIPLES VECES SIN AVANZAR. NO PUEDO ENTRAR A HBO POR ESTO. ARREGLEN ESO.",146,6,False
es,스페인어권,권역,1,2026-09-21 11:23:42,5.2.12420,0,En la última actuación de la lavadora se ha borrado la opción de cuando termina el lavado seguir en movimiento hasta que se saque la ropa para que no se arrugue la ropa.Estaria bien la que volviera la opción un saludo y gracias. la reseña lleva puesta un tiempo y ninguna contestación por su parte.,En la última actuación de la lavadora se ha borrado la opción de cuando termina el lavado seguir en movimiento hasta que se saque la ropa para que no se arrugue la ropa.Estaria bien la que volviera la opción un saludo y gracias. la reseña lleva puesta un tiempo y ninguna contestación por su parte.,241,7,False
es,스페인어권,권역,5,2026-09-21 07:22:22,5.2.12420,0,"¡¡Genial!!. Fácil de usar, una cantidad de funciones impresionantes y súper completas.","¡¡Genial!!. Fácil de usar, una cantidad de funciones impresionantes y súper completas.",68,8,False
es,스페인어권,권역,5,2026-09-20 16:09:27,,0,Debería tener una opción de programar a cierta hora haga determinadas acciones como cambiar de canal e intercambiar el modo de salida (hdmi) en el Smartv.,Debería tener una opción de programar a cierta hora haga determinadas acciones como cambiar de canal e intercambiar el modo de salida (hdmi) en el Smartv.,126,9,False
en,영어권,권역,1,2026-09-21 18:42:23,5.2.12420,0,"disconnects and never reconnects, need to turn on/off wifi. LG 65 smart tv","disconnects and never reconnects, need to turn on/off wifi. LG 65 smart tv",59,0,False
en,영어권,권역,1,2026-09-21 20:24:37,5.2.12420,0,Nonstop unwanted spam notifications keep appearing even after being turned off. App crashes when opening these spam notifications,Nonstop unwanted spam notifications keep appearing even after being turned off. App crashes when opening these spam notifications,111,1,False
en,영어권,권역,1,2026-09-22 00:12:10,5.2.12420,0,TV screen sharing is a herculean task. I connected my LG TV and every time I have to waste time searching for screen sharing icon.,TV screen sharing is a herculean task. I connected my LG TV and every time I have to waste time searching for screen sharing icon.,104,2,False
en,영어권,권역,1,2026-09-22 00:54:51,5.2.12420,0,constantly stops working over and over,constantly stops working over and over,33,3,False
en,영어권,권역,5,2026-09-21 15:25:26,5.2.12420,0,excellent app. my remote got stepped on. this one worked great.,excellent app. my remote got stepped on. this one worked great.,50,4,False
en,영어권,권역,3,2026-09-21 07:19:45,5.2.12420,0,Cant set a default mode of use. Cant type in search bars of YouTube (not sure about the other apps),Cant set a default mode of use. Cant type in search bars of YouTube (not sure about the other apps),77,5,False
en,영어권,권역,1,2026-09-22 00:19:14,5.2.12420,0,would love for the remote app to connect to a TV and stay connected to said TV.,would love for the remote app to connect to a TV and stay connected to said TV.,62,6,False
en,영어권,권역,2,2026-09-22 05:54:36,,0,"This app is okay for monitoring but it pisses me off daily. For example anytime I try to send something to the washtower it will tell me it can't send a normal cycle. I have ""use the cloud"" whatever that means. Spin is not a normal cycle. I can't just do a spin cycle on the washer itself l, there's no option on the physical washer l, so how exactly do I just do a spin cycle without the rinse? Drives me, bonkers. Why are you giving me the option to select cycles that aren't actually available?","This app is okay for monitoring but it pisses me off daily. For example anytime I try to send something to the washtower it will tell me it can't send a normal cycle. I have ""use the cloud"" whatever that means. Spin is not a normal cycle. I can't just do a spin cycle on the washer itself l, there's no option on the physical washer l, so how exactly do I just do a spin cycle without the rinse? Drives me, bonkers. Why are you giving me the option to select cycles that aren't actually available?",385,7,False
en,영어권,권역,5,2026-09-21 18:45:59,5.2.12420,0,Amazing experience.. Fantastic LG ThinQ,Amazing experience.. Fantastic LG ThinQ,33,8,False
en,영어권,권역,1,2026-09-21 16:01:43,5.2.12420,0,"Terrible for scheduling service. Keeps defaulting to an electric range, when my range is gas. Has the correct model number, but when I correct appliance to gas range, the model number vanishes and the app doesn't all me to input any model number. In addition, even though the serial number is correct, it comes up as out of warranty when in fact the warranty doesn't expire until Oct 22, 2027! **UPDATE** It's way more than the app performance I'm dissatisfied with! Can't schedule warranty service!","Terrible for scheduling service. Keeps defaulting to an electric range, when my range is gas. Has the correct model number, but when I correct appliance to gas range, the model number vanishes and the app doesn't all me to input any model number. In addition, even though the serial number is correct, it comes up as out of warranty when in fact the warranty doesn't expire until Oct 22, 2027! **UPDATE** It's way more than the app performance I'm dissatisfied with! Can't schedule warranty service!",394,9,False
it,이탈리아,국가,1,2026-08-29 11:32:13,5.2.10581,1,"pessima, pessima e ancora pessima. continua a far fatica a connettersi alla tv via WiFi. improvvisamente ha no tolto controllo via Alexa. next time: SAMSUNG.","pessima, pessima e ancora pessima. continua a far fatica a connettersi alla tv via WiFi. improvvisamente ha no tolto controllo via Alexa. next time: SAMSUNG.",127,0,False
it,이탈리아,국가,1,2026-09-19 19:52:10,5.2.12420,1,da 1 settimana nn va piu nn si apre neanche...sempre peggio..mai vista un app. più inefficiente..quando serve nn funziona mai. Un brand così non può avere un applicazione così scarsa. Cancellata e reinstallata più volte ma nulla..Ho un frigorifero ed una asciugatrice e puntualmente quando serve..crasha...ZERO miglioramenti..,da 1 settimana nn va piu nn si apre neanche...sempre peggio..mai vista un app. più inefficiente..quando serve nn funziona mai. Un brand così non può avere un applicazione così scarsa. Cancellata e reinstallata più volte ma nulla..Ho un frigorifero ed una asciugatrice e puntualmente quando serve..crasha...ZERO miglioramenti..,261,1,False
it,이탈리아,국가,4,2026-09-20 17:10:32,,0,"sarebbe utile integrare una guida tv per i canali lg, lenti e macchinosi da consultare sulla tv","sarebbe utile integrare una guida tv per i canali lg, lenti e macchinosi da consultare sulla tv",78,2,False
it,이탈리아,국가,3,2026-09-12 13:14:07,5.2.12420,0,Non capisco perché quando uso il pad per scrivere ad ogni lettera devo tornare indietro per poi poterne scrivere un'altra.,Non capisco perché quando uso il pad per scrivere ad ogni lettera devo tornare indietro per poi poterne scrivere un'altra.,101,3,False
it,이탈리아,국가,5,2026-09-08 19:00:15,5.2.10582,0,"che figata sta TV e questa app ....ho ancora un vecchio plasma da 50"" che funziona benissimo... LG è meravigliosa....peccato per l'assistenza, ma si può migliorare","che figata sta TV e questa app .ho ancora un vecchio plasma da 50"" che funziona benissimo... LG è meravigliosa.peccato per l'assistenza, ma si può migliorare",124,4,False
it,이탈리아,국가,1,2026-09-07 11:44:36,5.0.18120,0,I don't trust it after the video of them saying LG owns my living room. Who knows how much of my data they sell,I don't trust it after the video of them saying LG owns my living room. Who knows how much of my data they sell,86,5,False
it,이탈리아,국가,1,2026-09-12 22:58:38,5.2.12420,0,"La mia Smart Tech non installa più le app assurdo, pentito di avere comprato questo tipo di marca tarocca e che finge di essere una Smart TV, meritate il fallimento","La mia Smart Tech non installa più le app assurdo, pentito di avere comprato questo tipo di marca tarocca e che finge di essere una Smart TV, meritate il fallimento",133,6,False
it,이탈리아,국가,3,2026-07-28 16:16:03,5.1.32310,0,non si riesce a temporizzare l'accensione della lavatrice,non si riesce a temporizzare l'accensione della lavatrice,49,7,True
it,이탈리아,국가,5,2026-09-01 13:08:37,5.2.10581,1,Sembra proprio ben fatta e funzionale. Controllo tutto del mio frigorifero,Sembra proprio ben fatta e funzionale. Controllo tutto del mio frigorifero,63,8,False
it,이탈리아,국가,5,2026-08-20 17:26:51,5.1.32310,3,Applicazione utile e facile da installare e configurare. Consente una gestione completa dei condizionatori di casa.,Applicazione utile e facile da installare e configurare. Consente una gestione completa dei condizionatori di casa.,98,9,False
id,인도네시아,국가,1,2026-07-27 15:04:55,5.1.32310,1,"Setelah diperbarui, fitur berbagi konten tidak sebagus yang awal, kalau sebelumnya kita bisa langsung akses galeri ponsel di TV mirip tampilan windows, sekarang pemilihannya harus lewat ponsel dan susah buat milih kontennya karena langsung digabung tidak ada pembagian folder, dan kalau layar HP mati otomatis tampilan yg di TV juga akan terputus, sedangkan sebelumnya tidak seperti itu. SANGAT MENGECEWAKAN padahal itu salah satu fitur yg membuat LG lebih unggul dibanding merk lain.","Setelah diperbarui, fitur berbagi konten tidak sebagus yang awal, kalau sebelumnya kita bisa langsung akses galeri ponsel di TV mirip tampilan windows, sekarang pemilihannya harus lewat ponsel dan susah buat milih kontennya karena langsung digabung tidak ada pembagian folder, dan kalau layar HP mati otomatis tampilan yg di TV juga akan terputus, sedangkan sebelumnya tidak seperti itu. SANGAT MENGECEWAKAN padahal itu salah satu fitur yg membuat LG lebih unggul dibanding merk lain.",406,0,True
id,인도네시아,국가,2,2026-08-23 07:30:53,,0,saya ngestuck pas awal masuk aplikasinya,saya ngestuck pas awal masuk aplikasinya,35,1,False
id,인도네시아,국가,5,2026-08-19 05:29:14,5.1.32310,0,Akhirnya berhasil meremote TV LG jadul.... mantap dah...,Akhirnya berhasil meremote TV LG jadul. mantap dah...,42,2,False
id,인도네시아,국가,1,2026-09-17 21:54:31,5.1.22220,0,SETELAH UPDATE MALAH LEMOT LELET GA BISA CEPET MAU BUKA TOMBOL REMOTE. TIDAK SEPERTI SETELAN AWAL. UPDATE GA MUTU C#K,SETELAH UPDATE MALAH LEMOT LELET GA BISA CEPET MAU BUKA TOMBOL REMOTE. TIDAK SEPERTI SETELAN AWAL. UPDATE GA MUTU C#K,95,3,False
id,인도네시아,국가,5,2026-06-12 05:55:23,5.1.32310,2,aplikasi mantap sekali mudah di pakai👍,aplikasi mantap sekali mudah di pakai,32,4,False
id,인도네시아,국가,1,2026-05-03 16:13:08,5.1.30400,0,"jelek , lemot dan hanya berfungsi di awal, jangan di download!!","jelek , lemot dan hanya berfungsi di awal, jangan di download!!",49,5,False
id,인도네시아,국가,5,2026-09-20 03:22:07,5.2.12420,0,berguna saat remot tv hilang/habis batrei dan canggih/males ngambil remot jadi bisa di kontrol pakai aplikasi ini,berguna saat remot tv hilang/habis batrei dan canggih/males ngambil remot jadi bisa di kontrol pakai aplikasi ini,95,6,False
id,인도네시아,국가,5,2026-06-08 02:36:32,5.1.32310,0,terimakasih sangat bagussss aplikasi lg nya buat usaha laundry saya,terimakasih sangat bagus aplikasi lg nya buat usaha laundry saya,55,7,False
id,인도네시아,국가,5,2026-09-06 04:27:28,5.2.10582,0,terimakasih telah mempermudah kami dalam pengoperasian tv dan untuk produk LG lainnya,terimakasih telah mempermudah kami dalam pengoperasian tv dan untuk produk LG lainnya,74,8,False
id,인도네시아,국가,4,2026-08-30 02:21:12,5.2.10581,0,kok di dalam aplikasinya nggak ada fitur Watt control sih ? sementara di remot bawaan AC nya ada tombol Watt control nya,kok di dalam aplikasinya nggak ada fitur Watt control sih ? sementara di remot bawaan AC nya ada tombol Watt control nya,98,9,False
